id,title,category_id,category_name,performer,creator,address,price,description,venue_type,tags,latitude,longitude
E0-001-097876536-6,Bruno Mars,music,Concerts &amp; Tour Dates,Bruno Mars,sdfgyhjkm,Route des Batailleux 3 Gd-Saconnex,None,None,address,bruno mars music pop rock ticketbiscom ticketnetworkcom tickets viagogocom,46.2337626,6.112297
E0-001-101271887-2,Metallica,music,Concerts &amp; Tour Dates,Metallica,wbrecords,Case Postale 112 Grand-Saconnex,None,None,address,band concert hard heavymetal metal metallicatheband music rock thrash tickets viagogocom,46.2,6.16667
E0-001-109531416-5,Nickelback,music,Concerts &amp; Tour Dates,Nickelback,official_nickelback,Route des Batailleux 3 Gd-Saconnex,None,None,address,all alltherightreasons alternative band chad concert concerts curb faves is kroeger live long music my nickelback nickleback of one pop reasons right road roadrunnerrecords rock rocknrolln rockstar side silver state the ticketbiscom tickets up viagogocom,46.2337626,6.112297
E0-001-100343255-4,Harlem Globetrotters,performing_arts,Performing Arts,Harlem Globetrotters,chuck,Route des Batailleux 3 Gd-Saconnex,None,None,address,basketball globetrotters performing_arts sports tickets viagogocom,46.2337626,6.112297
E0-001-099792975-2,James Blunt,music,Concerts &amp; Tour Dates,James Blunt,bobfather,Route des Batailleux 3 Gd-Saconnex,None,None,address,concerts music pop rock tickets viagogocom,46.2337626,6.112297
E0-001-103160470-1,Gorillaz,music,Concerts &amp; Tour Dates,Gorillaz,gorillaz1,Route des Batailleux 3 Gd-Saconnex,None, Children under 6 will not be admitted. ,address,alternative gorillaz hiphop music rock tickets viagogocom,46.2337626,6.112297
E0-001-112332257-1,OREN AMBARCHI & CRYS COLE DUO,music,Concerts &amp; Tour Dates,Oren Ambarchi,jessemellon,None,None,None,named place,cave12org electronic music,46.2,6.16667
E0-001-108822898-5,Iron Maiden Geneva,music,Concerts &amp; Tour Dates,Iron Maiden,judaspriest1984,Route des Batailleux 3 Gd-Saconnex,202.73,The time has come to purchase your Iron Maiden tickets  because it&#39;s true  Iron Maiden is indeed setting to perform in the ever impressive Arena Geneva! Considering that Iron Maiden  has since become one of the most popular artists this decade has to offer  you know your in for a show your set to remember for the rest of your life!  So make sure you get your Iron Maiden Geneva tickets and you attend this unforgettable show in person. Sing along to some of the greatest songs  dance and jump until it hurts! Rest assured- you will have the time of your life! So what&#39;s taking you so long? Don&#39;t hesitate and get your Iron Maiden Geneva tickets right here  at StubHub!,address,2008 america centro colombia concert en heavy httpindonesiahitscom httpironmaidenindonesiacom in indonesiahits iron ironmaidenhits ironmaidenindonesia maiden maidon metal music rock ticketbiscom tickets virginia,46.2337626,6.112297
E0-001-115254639-3,Nickihndrxx Tour: Nicki Minaj & Future,music,Concerts &amp; Tour Dates,NICKI MINAJ,missacm123,Route des Batailleux 3 Gd-Saconnex,None,None,address,demand hip hiphop hop min minaj music nicki nikki pop randb rap rap_hiphop rb ticketnetworkcom tickets viagogocom,46.2337626,6.112297
E0-001-110471423-0,Lewis Floyd Henry - Gena Festival Open Air,music,Concerts &amp; Tour Dates,Lewis Floyd Henry,evdb,None,None,None,named place,alternative festival festivals_parades gigatoolscom music,46.2,6.16667
E0-001-109430890-9@2018091900,Walking with Dinosaurs,performing_arts,Performing Arts,Walking With Dinosaurs,insightmanagement,Route des Batailleux 3 Gd-Saconnex,None,None,address,dino dinosaur dinosaurs performing_arts science tickets tour travel viagogocom,46.2337626,6.112297
E0-001-095350885-6,PITA,music,Concerts &amp; Tour Dates,PITA,Pitasings,None,None, <p>MERCREDI 28 SEPTEMBRE -21h00 (concert 21h30 !)<p>- OVER THE TOP & GRAND MASTER MIND OF OUTER REACHES VISCERAL ELECTRONICS CLASHES EXPLORATIONS + GENEVA’S MOST ABRASIVE DJ SET DUO_YEAH ! -<p><strong>PITA</strong> (Autriche)<br> Peter Rehberg : electronics<br> + <br><strong>PASSEURS DE DISQUES</strong><br> Office de pute : set spécialement pensé pour l’occasion<br><p>Retour ici du terrassant/fantastique PITA/PETER REHBERG auteur l’année passée d’un set solo fabuleusement magnétique  ronflant dans les basses  ‘s’épanchant dans des tourbillons de fréquences bruit/noise tourbillonantes et  ce qui nous avait peut-être le plus marqu��: un sens incroyable et sur-maîtrisé de la retenue et de l’espace  alternant ses attendus murs de sons de particules-reliefs envahissantes/donnant le vertige avec des superbes moments de retenues « ambient/aériennes » de toute beauté pour ce qui fut une véritable leçon sur-maitrisée de contrôle super-sonique. Une véritable claque dans la gueule et les tympans de haut  très  très haut niveau qui nous avait laissé totalement pantois et sur-enthousiasmé. Bref  un travail de Grand Maître.<p>Ayant depuis sorti un album solo fabuleux (le hautement recommandable « Get In »  soulignant le retour discographique solo du Monsieur sur son propre label  l’incontournable et essentiel Edition Mego)  PITA affirme/assied définitivement ses monstrueuses préoccupations/avancées/excursions musicales actuelles ; dislocation sonore  torsions vrillées  ambient  pulsations tectoniques  brassages de codes  atmosphères cinématographiques  etc  etc… s’entremêlant dans un maelstrom de haute maîtrise. Un retour sur disque acclamé par les critiques spécialisés et une joie non dissimulée ici de se confronter encore plus loin/profondément à l’univers sonore de l’un des plus perspicaces et versatiles artistes sonores de la scène musicale expérimentale actuelle.<p>Du mercure à l’état pur  un véritable pionnier du genre oeuvrant depuis plus de 20 ans maintenant  avec une maniac-radicalité de toujours et encore tout premier plan  une synthèse viscérale puisant dans les profondeurs atmosphériques de la techno  de la fusion électrique distortionnée  de motifs rythmiques abstraits  explorant/explosant les au-delà du territoire/limite des fréquences avec une attention phénoménale au dynamisme/élan/dramaturgie sonore.<p>Un véritable Maître du genre  qui plus est boss/cerveau de l’un des labels les plus importants et au catalogue renversant de l’expérimentation internationales actuelle et passée/historique et collaborant régulièrement avec un nombre incalculable de hautes personnalités de la scène aventureuse internationale (de Stephen O’Malley à Jim O’Rourke en passant par Marcus Schmickler  Christian Fennesz ou Gisèle Vienne).<br> Bref  mercredi soir de grande classe/tenue ici  parfaitement enrubanné par les passeurs de disques les plus terrassants de la Ville  la magistralement sulfureuse paire Office de Pute_YEAH !<p>Plus d’infos :<br><a href="http://editionsmego.com/release/EMEGO-218" rel="nofollow">http://editionsmego.com/release/EMEGO-218</a><br><a href="http://editionsmego.com/" rel="nofollow">http://editionsmego.com/</a></p></p></p></p></p></p></p></p>,named place,cave12org music world,46.2,6.16667
E0-001-097030800-4,TYONDAI BRAXTON,music,Concerts &amp; Tour Dates,Tyondai Braxton,spongebobandme87,None,None, <p>MERCREDI 02 NOVEMBRE – 21h00 (concert 21h30 !)<p>- U.S. EXQUISITE JOYFULLNESS ELECTRONICS PARTICULES & MORE PLAYFULLNESS ELECTRONICS JUXTAPOSITIONS MASTER GENIUS RARE SOLO ACT_YEAH ! -<p><strong>TYONDAI BRAXTON</strong> (USA) <br> Solo Electronic Set<br><p>Considéré comme l’un des compositeurs et musiciens électroniques les plus passionnants et fascinants de cette dernière décennie  l’américain Tyondai Braxton (leader-cerveau en son temps du culte combo de rock expérimental BATTLES) distille une musique étonnamment « joueuse » & ludique  incorporant patterns électroniques particulaires virevoltant comme des pop-corns hautement/savamment apposés/dosés  éléments orchestraux contemporains  juxtapositions de motifs rythmiques scintillants et superpositions de collisions rebondissantes  le tout avec une maîtrise/savoir faire et précision sonore orfévrique autant enthousiasmante qu’enjouée.<p>Auteur de deux albums solos unanimement portés aux nues par les critiques spécialisés (« Central Market » sur le hautement renommé label Warp et « HIVE1 » sur le non moins hautement renommé label Nonesuch)  les explorations/compositions à la précision/mécanique horlogère miniaturisée de Tyondai Braxton ont été jouées/interprêtées par des ensembles/orchestres de haut  très très haut-renom tels le London Sinfonietta  le Los Angeles Philarmonic  le BBC Symphony Orchestra ou le Kronos Quartet  ayant même collaboré avec le légendaire compositeur Philip Glass.<p>C’est en rare situation solo que Tyondai Braxton se produira ce soir ici  présentant en live les merveilleuses miniatures/particules sautillantes  fascinantes et irrésistiblement addictives habitant son dernier album « HIVE1 ».<p>Une venue et aubaine rarissime pour une expérience sonique absorbante de très haute tenue & calibre  emplie de particules sonores délicieusement joueuses par l’un des compositeurs/musiciens les plus  dans son genre  acclamés/célébrés de cette dernière décennie.<p>Encore une fois  venue rare et dans le genre et pour les amateurs  plus que hautement recommandé.<p>Plus d’infos : <br><a href="http://www.tyondaibraxton.com/" rel="nofollow">http://www.tyondaibraxton.com/</a></p></p></p></p></p></p></p></p></p>,named place,alternative cave12org experimental music,46.2,6.16667
E0-001-092305006-0,Disney On Ice,family_fun_kids,Kids &amp; Family,Disney on Ice,karina25,Route des Batailleux 3 Gd-Saconnex,None,None,address,family noautotag performing_arts performing_arts_shows tickets viagogocom,46.2337626,6.112297
E0-001-092305010-3,Disney On Ice,family_fun_kids,Kids &amp; Family,Disney on Ice,karina25,Route des Batailleux 3 Gd-Saconnex,None,None,address,family noautotag performing_arts performing_arts_shows tickets viagogocom,46.2337626,6.112297
E0-001-093613662-5,Renaud,music,Concerts &amp; Tour Dates,Renaud,evdb,Route des Batailleux 3 Gd-Saconnex,None,None,address,jazz music pop tickets viagogocom,46.2337626,6.112297
E0-001-099331257-4,Paul Eg - MIX MAG Germany: Christian Smith : Input Output World Album Tour,music,Concerts &amp; Tour Dates,Christian Smith,evdb,None,Free Till 01h After 20CHF  Member Free,None,named place,dance gigatoolscom music residentadvisornet singles_social,46.2,6.16667
E0-001-096969786-9,Patricia Kaas,music,Concerts &amp; Tour Dates,Patricia Kaas,evonder,Route des Batailleux 3 Gd-Saconnex,None,None,address,music pop tickets viagogocom vocal world,46.2337626,6.112297
E0-001-099667969-2,Tadeo,music,Concerts &amp; Tour Dates,Tadeo,evdb,None,None,None,named place,dance gigatoolscom music noautotag,46.2,6.16667
E0-001-100200492-9,Paul Eg - Sound Factory,music,Concerts &amp; Tour Dates,Sound Factory,soundfactory,None,Free Till 01h After 20CHF  Member Free,None,named place,funk gigatoolscom music pop residentadvisornet singles_social,46.2,6.16667
E0-001-100372573-7,TIMID BOY,music,Concerts &amp; Tour Dates,Timid Boy,evdb,None,None,None,named place,dance electronic gigatoolscom music,46.2,6.16667
E0-001-100161871-6,Dave Clarke  Gabriela & ANA EVA,music,Concerts &amp; Tour Dates,Dave Clarke,evdb,None,25.- / free for member, Line-up /<p><a>Dave Clarke</a><br> Gabriela<br><a>Ana Eva</a><p> Dave Clarke is back.<br> Gabriela for the warm up<br> Ana Eva for the first time at WEETAMIX <ul></ul></p></p>,named place,alternative dance electronic music residentadvisornet singles_social,46.2,6.16667
E0-001-098319246-7,Mathias Kaden,music,Concerts &amp; Tour Dates,Mathias Kaden,evdb,None,Free Till 01h After 20CHF  Member Free,None,named place,dance electronic gigatoolscom music residentadvisornet singles_social,46.2,6.16667
E0-001-100330861-9,Wild House with Cesar Merveille  Rare Movement & DJ Reas,music,Concerts &amp; Tour Dates,wild house,dispoclown,None,20CHF, Line-up /<p><a>Cesar Merveille</a> (Visionquest  Cadenza)<br><a>Rare Movement</a> (Cadenza)<br> DJ <a>Reas</a> (Wild House)<p> WILD HOUSE <br><br> Cesar Merveille (Visionquest  Cadenza)<br><br> Rare Movement & DJ Reas (Wild House)<br><br> Entrée 20chf - 10chf avec le badge WEETAMIX 2017<br><br> https://soundcloud.com/CesarMerveille<br> https://www.residentadvisor.net/dj/cesarmerveille<br> https://soundcloud.com/rare-movement<br> https://www.residentadvisor.net/dj/raremovement<br> https://soundcloud.com/djreas<br> https://www.residentadvisor.net/dj/reas <ul></ul></p></p>,named place,dj ever fruits house lounge music parties residentadvisornet sexiest singles singles_social social,46.2,6.16667
E0-001-101038059-6,Baby Boa 2 Years / Oxia,music,Concerts &amp; Tour Dates,OXIA,evdb,None,Free Till 01h After 20CHF  Member Free, Line-up /<p><a>Oxia</a><br><a>Paul Eg</a><br><a>Dylan Casale</a><p><ul></ul></p></p>,named place,dance music residentadvisornet singles_social,46.2,6.16667
E0-001-099526035-4,Motel Campo - Lil Louis,music,Concerts &amp; Tour Dates,Lil’ Louis,evdb,None,18 CHF jusqu&#39;à 1h  23 CHF ensuite, Line-up /<p><a>Lil Louis</a><br> Dj <a>Reas</a><br><a>Crowdpleaser</a><br> Constellation<p></p></p>,named place,dance music randb residentadvisornet singles_social,46.2,6.16667
E0-001-098657749-2,Saez,music,Concerts &amp; Tour Dates,Saez,evdb,Route des Batailleux 3 Gd-Saconnex,None,None,address,concerts music rock tickets viagogocom,46.2337626,6.112297
E0-001-101548628-4,Les Cowboys Fringants,music,Concerts &amp; Tour Dates,Les Cowboys Fringants,evdb,Route des Batailleux 3 Gd-Saconnex,None,None,address,alternative country folk music tickets viagogocom,46.2337626,6.112297
E0-001-100394289-3,Speedy J - Speedy J,music,Concerts &amp; Tour Dates,Speedy J,evdb,None,None,None,named place,electronic gigatoolscom music rock,46.2,6.16667
E0-001-101825400-2,Rebekah - Fear Paralysis Tour at Electron Festival,music,Concerts &amp; Tour Dates,Rebekah,Nextcat,None,None,None,named place,electronic festival festivals_parades gigatoolscom maybefamily music pop,46.2,6.16667
E0-001-100394239-8,Chris Liebing,music,Concerts &amp; Tour Dates,Chris Liebing,Timoflieg,None,None,None,named place,ableton allenheath chris dj electronic gigatoolscom liebing music producer progressive remixer schranz singles_social techno traktor,46.2,6.16667
E0-001-098647330-9,Mathew Jonson,music,Concerts &amp; Tour Dates,Mathew Jonson,evdb,None,None,None,named place,dance electronic gigatoolscom music,46.2,6.16667
E0-001-101789339-0,DANIEL STEINBERG,music,Concerts &amp; Tour Dates,Daniel Steinberg,evdb,None,Free Till 01h After 20CHF  Member Free,None,named place,dance gigatoolscom music residentadvisornet singles_social,46.2,6.16667
E0-001-100888224-0,GNOD + GROUP A + PASSEURS DE DISQUES,music,Concerts &amp; Tour Dates,GNOD,Caj,None,None, <p>MARDI 25 AVRIL – 21h00 (concerts 21h30 !!!)<p>- SMASHING TUESDAY EVENIG with GNOD 10 YEARS PROTEST_CATACLYSMIC ANNIVERSARY TOUR  AVANT_NOISE_SYNTH_HEAVY_MINIMAL_WAVE TOKYO GRRRLS BEAST DUO & LIGHTNING SPECIAL DJ SET DUO_TRIPLE YEAH/YEAH/YEAH !!! -<p><strong>GNOD</strong> (UK)<br> Freak Full Combo Trance & More Cataclysm Protest Actions…<br> +<br><strong>GROUP A</strong> (Japon)<br> Tommy Tokyo : synthétiseur  voix  percussion<br> Sayaka Botanic : violon  synthétiseur  cassettes<br> + <br><strong>PASSEURS DE DISQUES</strong> :<br> Tzii & Simon De Wildrfid : set spécialement pensé pour l’occasion<br><p><strong>PREMIR CONCERT 21h30 TAPANTES !</strong><p>ooooOOOOOHHHHHH yeeeAAAH !<p>Mardi soir_tuerie ici ET mardi soir_anniversaire avec la venue de cette incroyable combo-horde tarée anglaise à géométrie variable qu’est GNOD et qui fête ce soir leurs  YES  10 ans !<p>10 ans à écumer les territoires sonores et scènes de toute l’Europe avec une trajectoire musicale faite de fluctuation constante dès leur début et un besoin incessant de découvrir de nouveaux mondes/univers sonores. Oscillant entre drone shamanique  rituels primaux  communautarisme et martèlements répétitifs incitant à la transe la plus absolue  GNOD délivre une musique en constante mutation  avec un besoin/nécessité/urgence agitée  impatiente et magistralement organique. Catégoriser/comparer la musique de GNOD relève de la gageure  tant le groupe n’a jamais « imit頻 aucun genre en particulier  aiguisant au contraire enregistrements après enregistrements et concerts après concerts leur place unique au sein d’une scène musicale réellement indépendante. Avec un même dévouement d’exploration totale en live  GNOD est devenu et est  à juste titre  considéré comme l’un des groupes lives les plus célébrés d’Angleterre.<br> 10 ans de fracas insensé et GNOD refuse de se s’arrêter là  désireux au contraire de pousser encore et encore plus loin leurs explorations/évolutions. Avec une incarnation live plus que jamais caractérisée par une sorte de « nouvelle protest music » écrasante et cataclysmique  autant euphorique que nihiliste  GNOD affirme de manière stridente leur noyeau-central spirituel et communautaire  contournant les attentes trop « placardées » en s’engouffrant toujours plus loin dans de puissants nouveaux maelstroms psychédéliques pleins de possibilités  invitant par leur générosité le public à y plonger tête et corps en entier.<p>Fracassant  puissant  sur_jouissif  HAPPY BIRTHDAY et vivement les 20 ans  YES !<p>Et  re_yes  en première partie  attention  un formidable duo de japonaises allumées  les tokyoïtes GROUP A qui fomentent des lives viscéraux et irrésistiblement hypnotiques visuellement et musicalement.<br> Avec une mixture de synth_heavy_minimal_wave  d’avant_noise et de performance_art  GROUP A frappe tels les pionniers de la musique industrielle  portant en elles le souffle premier d’entités cultes comme Throbbing Gristle ou Cabaret Voltaire. <br> Une Bête bicéphale terrassante et martelante  là aussi HAUTEMENT recommandé et juste sur_parfaite en ouverture des feux des 10 ans de GNOD_YEAH !<p>Et re/re_yeah  le tout idéalement enrubanné comme il se doit par un duo de passeurs de disques spécialement pensé pour l’occasion : le fulgurant bruxellois TZII aux prises avec l’indomptable SIMON DE WILDRFID.<p>Soirée/mardi soir triple_yeah/yeah/yeah et 10 ans de GNOD  vingt dieux  ça se fête/explose  let’s come_YES !<p><strong>PREMIER CONCERT 21h30 TAPANTES !</strong><p>Plus d’infos : <br> GNOD :<br><a href="https://gnod.bandcamp.com/" rel="nofollow">https://gnod.bandcamp.com/</a><br><a href="http://ingnodwetrust.tumblr.com/" rel="nofollow">http://ingnodwetrust.tumblr.com/</a><br><a href="http://www.swampbooking.com/gnod-manchester/" rel="nofollow">http://www.swampbooking.com/gnod-manchester/</a><br> GROUP A :<br><a href="http://groupaband.com/" rel="nofollow">http://groupaband.com/</a><br><a href="https://groupa.bandcamp.com/" rel="nofollow">https://groupa.bandcamp.com/</a></p></p></p></p></p></p></p></p></p></p></p></p></p>,named place,alternative cave12org music,46.2,6.16667
E0-001-102146683-8,Derrick May  Ana Eva & Gabriela,music,Concerts &amp; Tour Dates,Derrick May,RMANETWORK,None,25.- / free for members, Line-up /<p><a>Derrick May</a><br><a>Ana Eva</a><br><a>Gabriela</a><br><a>DIMI3</a><p> Techno House night with Derrick May and friends :-) <ul></ul></p></p>,named place,club dj electronic hi high house music residentadvisornet singles_social soul tech techno technology tek transmat,46.2,6.16667
E0-001-101877784-0,FELIX KUBIN + PASSEURS DE DISQUES,music,Concerts &amp; Tour Dates,Felix Kubin,evdb,None,None, <p>JEUDI 04 MAI – 21h00 (concert 21h30 !)<p>- DADATRONIC INTERGALACTIC SUPER/ZUPER LEGEND DERANGED LORD HEROOOO_YEEEEAH + SPECIAL TRONICDADA TRIO DJ SET_YES !!! -<p><strong>FELIX KUBIN</strong> (Allemagne)<br> Synthétiseurs  electronics  voix<br> + <br><strong>PASSEURS DE DISQUES</strong> :<br> Sofy Maladie & Le Horla & Glaströch : set spécialement pensé pour l’occasion<br><p><i>En collaboration avec 1000 BALLES & KAKAKIDS RECORDS</i><p>oooOOOH YES !<p>Jeudi soir fête totale ici avec la venue magiquement exceptionnelle de Monsieur FELIX KUBIN pour UNE date unique  hors tournée/hors festival/hors tout_YES !<p>Une association/collaboration avec les comploteurs_coquins de 1000 BALLES & KAKAKIDS et l’envie commune qui planait depuis un long moment déjà de ramener FELIX KUBIN dans les parages. Un souhait de longue date et fabuleusement exaucé en ce Jeudi 04 mai.<p>Si il faut encore présenter le personnage : FELIX KUBIN est un compositeur hyperactif/performeur allemand de musique électronique. Natif de Hamburg  à huit ans il ne perd pas de temps  étudie le piano et compose ses premières chansons. Rapidement  il fait ses premières armes en formant avec Tim Buhre le duo expérimental KLANGKRIEG. Passionné par la science-fiction et le monde extra-terrestre (duquel il est certainement issu)  il fonde en 1998 le renommé label GARGARIN RECORDS  en hommage au cosmonaute russe  et produit la même année son premier album Filmmusik.S’en suivra une multitude de projet  bien trop long à énuméré  et de collaborations avec des artistes comme Asmus Tietchens  Coolhaven  Aavikko  Mark Boombastik  Wojtek Kucharczyk  Mariola Brillowska  ou encore Pia Burnette.  Après plus de trente ans d’activité  et de militantisme au sein du « Syndikat für Gegenlärm » (syndicat du contre-bruit) FELIX KUBIN est devenu une référence incontournable autant dans le monde de la new wave  de la pop électrique  que de la musique bruitiste expérimentale.<p> Cela fait précisément dix ans (mai 2007 en collaboration avec le KAB)  que le pape intergalactique n’a pas posé ses malles et synthétiseurs sur Genève  et il s’en faut de peu pour que la NASA nous gratifie d’un communiqué spécial.<br> ATTENTION  il n’y aura AUCUNE séance de rattrapage !<p>ET  pour merveilleusement garnir cette réjouissance  SOFY MALADIE & LE HORLA & GLASTRÖCH  plus qu’idéaux passeurs de disques du soir  viendront enrubanner la présence de Felix Kubin  entre cocktails cosmiques et plaques inter-galactroniques_YES !<p>Fabuleux Jeudi soir de rêve & on se pointe_yeah/yeah/yeah !<p>Plus d’infos : <br><a href="http://www.felixkubin.com/" rel="nofollow">http://www.felixkubin.com/</a></p></p></p></p></p></p></p></p></p></p></p></p>,named place,cave12org metal music rock,46.2,6.16667
E0-001-101877785-9,GROS OISEAU + HAYVANLAR ALEMI + PASSEURS DE DISQUES,music,Concerts &amp; Tour Dates,Hayvanlar Alemi,evdb,None,None, <p>DIMANCHE 07 MAI – 21h00 (concert 21h30 !)<p>- GROS OISEAU VERNISSAGE + UNDERGROUND TURKEY COLOURFUL_PSYCHEDELIC_KALEIDOSCOPIC_ROCK TRIO FROM AKARA + SPECIAL SUNDAY EVENING EAST_PSYCHEDELISM vs PUNK/FUNKTRONIC DJ SET_YES !! -<p><strong>GROS OISEAU’S « ZONZON » VERNISSAGE</strong> (CH)<br> Nicolas Tissot : chant  synthétiseur<br>   Paul Courlet : basse électrique  <br> Julien Israelian : electronics  basse électrique<br> +<br><strong>HAYVANLAR ALEMI</strong> (Turquie) <br>  Ozum Itez : guitare électrique<br>  Isik Sarihan : percussion <br> Hazar Mutgan : basse électrique<br> + <br><strong>PASSEURS DE DISQUES</strong><br> MR.CHEEKY vs OFFICE DE PUTE : set spécialement pensé pour l’occasion<br><p>YES & excellent dimanche soir en perspective ici avec  yeah/yeah/yeah  le vernissage du premier album longue durée de ces fantastiques pourfendeurs d’un génialement prenant cocktail de punk abrasif mêlé à une sorte de post-hip-hop et autre electronic-purgatoire que sont les genevois de Gros Oiseau. « Zonzon » (sortant sur le label Cheptel Records)  voilà le titre de leur premier album vernit ce soir donc avec une parfaite/allumée déclinaison d’electro-punk  breakbeat-rock’n’roll et autre kraut-rap…<p>C’est la fête à Gros Oiseau ce soir  yes & on se pointe  d’autant plus qu’ils seront précédés d’un trio instrumental_ psychédélique_rock_spirit turc HAYVANLAR ALEMI  nous saluant depuis la capitale turque  Ankara.<p>Actifs depuis 2004  HAYVANLAR ALEMI a enregistré une flopée d’enregistrements divers avant d’être découverts et signés sur des labels défricheurs_perles essentiels  tels les incomparables Sublime Feuqencies ou Glitterhouse. Encensés par les critiques spécialisés tout autour du globe (notamment avec leur dernier lp longue durée  « Twisted Unrock » sortit sur le label allemand Unrock)  HAYVANLAR ALEMI vient encore de sortir un 45 tours/hit  « Equatorial Lines »  cumbia psychédélique sortit sur le label Argentin Pakapi Records.<p>HAYVANLAR ALEMI fomente un puissant rock psyché improvisé et hyper coloré  plongeant avec réussite dans tout ce qui est psychédélique  exotique et aventureux. Leur joyeuse diversité sonore recouvre une large quantité de bases : de l’exploration psychédélique infinie à des reprise de deux minutes de tubes pop internationaux  en passant par les guitares blues de l’Afrique de l’Ouest  les rythmes pulsant thaïlandais  les batteries floydiennes en passant par tout l’art de l’acoustique des rues turques  etc  etc…… Kaléidoscope infini  HAYVNALAR ALEMI s’abandonne totalement en live et se laisse porter par le mood/ambiance du moment en se fondant totalement dans leur son  pour ne former plus qu’une entité électrique compacte de perdition/transe hautement électrique.<p>Turkey underground electric psychedelism coloré de contagieuse tenue ici  idéal avant GROS OISEAU.<p>Un parfait dimanche de MAI-fête ici  enrubanné comme il se doit et haut la main par des passeurs de disques enfiévrés & enfiévrants : MR.CHEEKY & OFFICE DE PUTE_YEAH !!!<p>Plus d’infos : <br> GROS OISEAU : <br><a href="http://www.grosoiseau.ch/" rel="nofollow">http://www.grosoiseau.ch/</a><p>HAYVALAR ALEMI :<br><a href="http://hayvanlaralemi.org/index.html" rel="nofollow">http://hayvanlaralemi.org/index.html</a><br><a href="https://pakapirecords.bandcamp.com/album/hayvanlar-alemi-shhjjjjjjj" rel="nofollow">https://pakapirecords.bandcamp.com/album/hayvanlar-alemi-shhjjjjjjj</a></p></p></p></p></p></p></p></p></p></p></p>,named place,cave12org folk music rock,46.2,6.16667
E0-001-101877787-7,INNERVSION #12 - SOUNDS OF SILENCE,music,Concerts &amp; Tour Dates,The Sound Of Silence,clubhipnotiq1,None,None, <p>LUNDI 08 MAI – 19h00 TAPANTES !!!<p>- La cave12 à BONGO JOE : EXCELLENT SOUNDS OF SILENCE COMPILATION TALK/CONFERENCE/PRESENTATION -<p><strong>INNERVSION #12 <br> SOUNDS OF SILENCE</strong><br> « The Most Intriguing Silences In Recording History »<br> Conférence/présentation par Patrice Caillet (en français !)<br> Durée : 1h00 environ<br> En collaboration avec BONGO JOE<br> &<br> Conférence à BONGO JOE<br> 9  PLACE DES AUGUSTINS<br><a href="http://www.bongojoe.ch/innervision" rel="nofollow">http://www.bongojoe.ch/innervision</a><br><p>Oh_Yeah !<br> La cave12 se déplace à BONGO JOE_YES ! pour une présentation/conférence de l’une des compilations les plus magistralement intrigantes à être jamais sortie  soit un superbement étonnant assemblage des SILENCES ENREGISTRéS les plus notoires/déroutants de l’histoire discographique. Une compilation franchement extraordinaire  incluant des moments de… silence  allant du purement fonctionnel au hautement énigmatique en passant par l’ouvertement politique et le franchement/carrément stupide/idiot.<p>Il existe  évidemment  d’innombrables études sur l’usage du silence en musique  le 4’33 de John Cage étant certainement l’exemple le plus connu. Mais la plupart du temps  ces études/réflexions se concentrent sur l’usage du silence dans les domaines de la musique expérimentale et de l’art sonore. On retrouve cependant de nombreux autres exemples de silence  à la fois dans la musique populaire et « fonctionnelle » (dans les jukebox  les ascenseurs  les tests pour les dispositifs hi-fi  etc…). Le silence semble ainsi n’avoir pas de limites. On peut le trouver dans la pop (John Lennon)  le punk (Crass)  le hip-hop (Afrika Bambaataa)  le métal (Soulfly)  pour nommer seulement quelques-uns des exemples les plus facilement « classifiables » de ces moments de silence. Ces silences sont souvent marginalisés  relégués au rang d’une private joke consumériste. En réalité  chaque silence a une signification distincte : ils sont sémantiquement divers  parlent de volumes et peuvent être performatifs  politiques  critiques  abstraits  poétiques  cyniques  techniques  absurdes  etc… Ils peuvent être générés en tant que mémorial ou blague/plaisanterie  une dédicace spéciale ou comme quelque chose de totalement indéfini.<p>Avec SOUNDS OF SILENCE  c’est la toute toute toute première fois qu’une telle large variété de silences a été publiée. L’album/compilation contient le travail d’artistes très connus et moins connus  mais également des silences extrêmement rares et par là-même  passablement mystérieux. La compilation présente les silences comme ils ont été originalement enregistrés  en gardant toutes leurs « imperfections »  préservant ainsi l’histoire spécifique à chaque morceau de silence et donnant à chaque piste &quot;silencieuse&quot; une individualité qui devient  pour ainsi dire  une véritable musique pour les oreilles. L’approche documentariste des compilateurs révèle les motivations évidentes ou présumées de chacun de ces « silences » tout en leur conférant un nouveau contexte.<p>Un album à jouer/écouter à un volume MAXIMUM  n’importe quand et à n’importe quel endroit. Une expérience auditive totalement et royalement unique en son genre  porté aux nues par les presses spécialisées tout autour du globe et qui sera donc présentée  disséquée et diffusée par Patrice Caillet  l’un des trois compilateurs et en français dans le texte_yes !<p>Un moment absolument unique  rare et ô combien passionnant en perspective. Dans le genre et pour tous les curieux  extrêmement recommand��!!!<strong>DÉBUT 19h00 TAPANTES  durée  1h00 environ et donc à BONGO JOE (9  Place des Augustins). </strong><p>Plus d’infos : <br> SOUNDS OF SILENCE :<br><a href="http://silent-entertainment.tumblr.com" rel="nofollow">http://silent-entertainment.tumblr.com</a><br><a href="http://silent-entertainment.tumblr.com/presse" rel="nofollow">http://silent-entertainment.tumblr.com/presse</a><br> BONGO JOE : <br><a href="http://www.bongojoe.ch/innervision" rel="nofollow">http://www.bongojoe.ch/innervision</a></p></p></p></p></p></p></p></p></p>,named place,cave12org music rock,46.2,6.16667
E0-001-098749879-4,Placebo,music,Concerts &amp; Tour Dates,Placebo,PlaceboMusic,Route des Batailleux 3 Gd-Saconnex,0.00,None,address,alternative brianmolko lima music peru placebo pop rock stefanolsdal stevehewitt ticketbiscom tickets viagogocom,46.2337626,6.112297
E0-001-100490858-6,Destination emploi | Optimiser mon dossier de candidature,schools_alumni,University &amp; Alumni,The Dossier,None,Rue du Général- Dufour 24,None, <p>09.05.2017 12:15 – 14:00<p>Pour décrocher un emploi  un CV et une lettre de motivation efficaces et ciblés sont indispensables. Apprenez les rubriques à intégrer et leur rédaction  les pièges à éviter et les questions de forme.<br><strong>Lieu</strong><br><p>Bâtiment: <a href="http://www.unige.ch/presse/static/plan/mail.html" rel="nofollow">Uni Mail</a><p>MS150</p></p></p></p>,School,schools_alumni unigech,46.2,6.16667
E0-001-100499398-2,J Balvin,music,Concerts &amp; Tour Dates,J Balvin,djhost,Route des Batailleux 3 Gd-Saconnex,None, Under 16s must be accompanied by an adult. ,address,colombia hip hiphop hop latin music rap_hiphop reggae reggaeton tickets viagogocom,46.2337626,6.112297
E0-001-101877789-5,JEAN-LOUIS COSTES + PASSEURS DE DISQUES,music,Concerts &amp; Tour Dates,Jean-Louis Costes,withsubtitles,None,None, <p>DIMANCHE 14 MAI – 21h00 (début 21h30 !!!)<p>- KISSES FROM PARIS : BRAND NEW TRASH ACTION & SONGS OPERA BY THE BIG GENIUS MASTER JEAN_LOUIS COSTES/YEAH !!! -<p><strong>JEAN-LOUIS COSTES</strong> (France)<br> « KISSES FROM PARIS »<br> Tout nouveau spectacle/comédie musicale/opéra porno social du Grand Maître du genre_yes !!!<br> + <br><strong>PASSEURS DE DISQUES</strong><br> KAKAKIDS/1000 BALLES : set spécialement pensé pour l’occasion<br><p>Attention & oyez  oyez  oh_YEAH !<p>Arrivée de Monsieur Jean-Louis Costes ici  yes !  le plus grand sociologue de l’histoire et dés/histoire humaine qui soit  avec  sous les bras  une tout nouvelle étude qu’il nous présentera  comme à son habitude  avec tout le sérieux et intensité nécessaire afin que le message/constat passe bien et qu’on apprenne enfin quelque chose ici.<p>KISSES FROM PARIS  voilà le nom de son nouvel opéra/spectacle  comédie musicale évidemment trash (yes !!!!) et sur-speedée  mêlant chansons et actions (re_yes !!!)  oscillant entre « pop » diaboliquement déjantée et attitudes bruitistes/noise  déclinant l’amour et la haine avec ce qu’il faut d’humour et de tragédie/drame.<p>Avec une présence scénique de transe absolue  Monsieur Jean-Louis Costes n’a absolument rien perdu de sa verve légendaire  au contraire. Maîtrisant le chaos comme personne  il continue à dérouler une logorrhée spectaculaire et à l’intensité sans aucune commune mesure.<p>Essentiel et adn premier du genre. Il FAUT avoir assisté à une performance/action de Costes au moins une fois dans sa vie. Et soyons bien prêt  c’est le Costes des grands soirs/jours qui débarque ici  avec ce qu’il faut de provoc’ géniale et de  bien entendu  outrage et dépassement de mesure  yes !<p>Le tout enrubanné comme il se doit  par des passeurs de disques fan_a_ti_ques du bonhomme  la paire KAKAKIDS/1000 BALLES en grande forme costienne !<p>Dimanche trash social porno opéra étude de toute première tenue ici yes & on se pointe  COSTES à la nouvelle cave12  ça risque de faire sacrément du bien/mal/bien_yeah/yeah/yeah !<p>Plus d’infos : <br><a href="http://costes.org/" rel="nofollow">http://costes.org/</a></p></p></p></p></p></p></p></p></p></p></p>,named place,art cave12org controversial irreversible jazz music paris performance,46.2,6.16667
E0-001-101877788-6,JAMES FERRARO + DUCKTAILS + TYPHONIAN HIGHLIFE,music,Concerts &amp; Tour Dates,Ducktails,spongebobandme87,None,None, <p>MERCREDI 17 MAI – 21h00 (concerts 21h30 !)<p>- 3 US WEIRD LOVECRAFT_EXOTICA  ARTIFICIAL SUPER_INTELLIGENCE  FUTURE REALITIES  POST_SPATIAL_POP MOODS & OTHER EXCELLENT SYNTH/ELECTRONICS PREMOTIONED FUTURE REALITIES 2017 CONSTATATIONS/CONSTRUCTIONS MASTERS -<p><strong>JAMES FERRARO</strong> (USA)<br> Electronics<br> +<br><strong>DUCKTAILS</strong> (USA)<br> Guitare électrique  electronics<br> +<br><strong>TYPHONIAN HIGHLIFE</strong> (USA)<br> Synthétiseur  electronics<br><p>Suite de 3 solos plongeant au centre même de la scène underground américaine aimant flirter avec une sorte de weird_exotica_hypnagogic_popic_electronics_synths & more déviances exploratrices. Avec 3 des acteurs les plus marquants/significatifs et incontournables du genre  le triptyque de ce soir regroupe d ex-membres des SKATERS (influant groupe/projet américain de plages_bizarreries_dérives psychédélico_ambient du début des années 2000) et nous entraîne dans trois univers d’excellents tourbillons atmosphéricos-captivant mêlant détritus sonore du capitalisme  pop spatiale  hommage aux enregistrements-maisons/autoproduits/privés de la fin des années 70  jingles publicitaires et/ou radiophoniques  l’invasion d’internet  des gps  des jeux vidéos  des smartphones  de la super_intelligence artificielle ou alors  une exotica à la Lovecraft  construisant des mythologies et illustrant des endroits/territoires non connus de l’humain  comme des sortes de royaumes impossibles.<p>Avec James Ferraro  Ductails et le tout nouveau projet du génial synthé-man Spencer Clark (TYPHONIAN HIGHLIFE)  nous voilà partit pour un voyage à la fois physique et psychique  allant des théories complotistes sur les reptiles extraterrestres à la sculpture de la Renaissance  les formations rocks  les films de Peter Weir  la sauvegarde des données informatques  les adds/réclames/pop ups incontrôlables  etc  etc…<p>Bref  une excellente plongée en trois actes au sein des réalités prémonisées du futur tel que constatées en 2017 par trois des acteurs les plus en vue/verve du genre  régulièrement acclamés par les critiques spécialisés pour leur étranges et questionnant mais ô combien captivant univers respectifs.<p>Dans le genre  recommandé.<p>Plus d’infos : <br> JAMES FERRARO :<br><a href="https://soundcloud.com/b-e-b-e-t-u-n-e" rel="nofollow">https://soundcloud.com/b-e-b-e-t-u-n-e</a><br> DUCKTAILS :<br><a href="https://ducktails.bandcamp.com/" rel="nofollow">https://ducktails.bandcamp.com/</a><br> SPENCER CLARK/TYPHONIAN HIGHLIFE :<br><a href="http://www.pacificitysoundvisions.com/" rel="nofollow">http://www.pacificitysoundvisions.com/</a><br><a href="https://pacificcitysoundvisions.bandcamp.com/" rel="nofollow">https://pacificcitysoundvisions.bandcamp.com/</a></p></p></p></p></p></p></p></p>,named place,alternative cave12org music,46.2,6.16667
E0-001-098841337-4,Deep Purple,music,Concerts &amp; Tour Dates,Deep Purple,diceman0012000,Route des Batailleux 3 Gd-Saconnex,0.00,None,address,concert music rock ticketbiscom tickets viagogocom,46.2337626,6.112297
E0-001-102763023-1,Berliner Nächte with &ME  Dj Dub,music,Concerts &amp; Tour Dates,DJ DUB,rbrmanagement,22 Rue du Cendrier,Free Till 01  After 20CHf  Member Free, Line-up /<p><a>&ME</a><br><a>DJ Dub</a><p><ul></ul></p></p>,Bar/Night Club,dj hiphop music pop residentadvisornet singles singles_social social,46.207367,6.145294
E0-001-101916622-7,Michael McIntyre,singles_social,Nightlife &amp; Singles,Michael McIntyre,supernatural16,Route des Batailleux 3 Gd-Saconnex,None,None,address,comedy performing_arts singles_social tickets viagogocom,46.2337626,6.112297
E0-001-103515335-7,Pure Deep House: with Diogo Accioly  Andre Salata & Dj Dub,music,Concerts &amp; Tour Dates,DJ DUB,rbrmanagement,22 Rue du Cendrier,free Till 00h After 20CHF  Member Free, Line-up /<p><a>Diogo Accioly</a><br><a>Andre Salata</a><br><a>DJ Dub</a><p> Pendant leur tournée Européenne au Watergate  Sysyphos  Dj Mag Live  Climax  Moroko Loko  Enigma  et beaucoup d’autres  le duo brésilien fera un groovy stop au Baby Boa aux côtés de notre résident Dj Dub  pour une soirée 100% batucada. <ul></ul></p></p>,Bar/Night Club,dj hiphop music pop residentadvisornet singles singles_social social,46.207367,6.145294
E0-001-103709024-7,Pure Techno with Dj Murphy  Opuswerk  The Chronics,music,Concerts &amp; Tour Dates,DJ Murphy,evdb,22 Rue du Cendrier,Free Till 00h After 20CHF  Member Free, Line-up /<p><a>DJ Murphy</a><br><a>Opuswerk</a><br><a>The Chronics</a><p> DJ Murphy a joué dans plus de 30 pays entre l’Europe et l’Amérique du sud dans de nombreux festivals différents tel que: Monegros  Time Warp  Nature One  Mayday  Awakenings  Dance Valey  Klubbers Day  Skol Beats et bien entendu dans le plus important clubs : Row 14  Florida 135  Rex Club  U60311  Clash  D.edge  Code Fabric  M47  Palazzo. Nommé le meilleur DJ au Brésil a maintes reprise  et parmi les 10 meilleures DJ internationaux en Allemagne d’après Raveline Magazine  Son style personnel  une combinaison technique de Hip Hop et Techno le rend unique sur les platines. Nommé DJ Techno le plus demandé sur la scène Européenne ses tracks se trouvent parmi les labels Techno les plus respecter: Patterns  Sway  Adult Recs  Composure... <ul></ul></p></p>,Bar/Night Club,dj electronic music rap_hiphop residentadvisornet singles singles_social social,46.207367,6.145294
E0-001-104133614-6,Waaaw with Lee Van Dowski,music,Concerts &amp; Tour Dates,Lee Van Dowski,Zachary85,None,15.- avant 02h00 - 20.- après 02h00, Line-up /<p><a>Lee Van Dowski</a><br><a>Temiri</a><br> GABRIELA<br> R.M.E.K<br> UNDFND<br><a>DIMI3</a><br> LITCH<br> JEREMY SUNSETS<br> JOEL BRITZ<p> SUPER COOL PARTY avec 2 dancefloor (1 silent)  une décor  des gentils dj&#39;s etc... <ul></ul></p></p>,named place,dance music residentadvisornet singles_social,46.2,6.16667
E0-001-104193673-3,Tom Novy,music,Concerts &amp; Tour Dates,Tom Novy,evdb,Route des Jeunes 16,None,None,address,alternative dance gigatoolscom music,46.1778419,6.1274623
E0-001-102069444-3,Carl Craig - DJ set,music,Concerts &amp; Tour Dates,carl craig,elitamilano,None,25CHF sur place et 25CHF en prélocations,None,named place,dj electronic gigatoolscom music noautotag residentadvisornet singles singles_social social,46.2,6.16667
E0-001-104932247-7,Daniel Stefanik,music,Concerts &amp; Tour Dates,daniel stefanik,evdb,22 Rue du Cendrier,None,None,Bar/Night Club,dance electronic gigatoolscom music reggae,46.207367,6.145294
E0-001-106419544-1,ACID MOTHERS TEMPLE & THE MELTING PARAISO U.F.O. + PASSEURS DE DISQUES,music,Concerts &amp; Tour Dates,Acid Mothers Temple,topdownjimmy,None,None, <p>MARDI 03 OCTOBRE – 21h00 (concert 21h30 !)<p>- SPEED_HEAVY_PSYCH_GURUS_POWER/OVERLOAD CULT JAPAN_SUPER_MASTERS_HEROES_HALLELUJAH/YEAHHH !!! -<p><strong>ACID MOTHERS TEMPLE & THE MELTING PARAISO U.F.O.</strong> (Japon)<br> “Hallelujah Mystic Tour”<br> Kawabata Makoto : guitare  voix  synthétiseur  speed guru<br> Higashi Hiroshi : synthétiseur  harpe  noodle god<br> Mitsuko☆Tabata : guitare  guitar-synthé  voix  hugs & kisses<br> Satoshima Nani : batterie  another dimension<br> Wolf (aka.S/T) : basse électrique  space & time<br> +<br><strong>PASSEURS DE DISQUES</strong> :<br> Alex Burkli + DJ MOTORINO : set spécialement pensé pour l’occasion<br><p>oooOOOOOH !<br> Débarquement de la troupe la plus puissamment « speed »_LOUD_psychédélique de l’univers ici  avec cette formidable tribu cultissime que sont ACID MOTHERS TEMPLE & THE MELTING PARAISO U.F.O. Menée de main de Maître par leur guru-guitariste-hero Makoto Kawabata  la bande débarque avec  attention & yeah  une nouvelle section rythmique constitué de 2 tout jeune japonais à la basse et à la batterie  donnant un incroyable coup de jeunesse & énergie au son du groupe  ouvrant ainsi un nouveau chapitre dans leur longue histoire (21 ans !) légendaire.<p>Avec un nouvel album sous les bras  « Wake To The New Dawn Of Another Astro Era » sortit sur le renommé label Important Records  ACID MOTHERS TEMPLE fait se fondre de profonds passages ambient synthétiques avec des sur-puissantes compositions/envolées adroitement agencées  hymnes psyché-heavy-kraut-loud par excellence au sein desquels la guitare-prouesse de Makoto Kawabata atteint des sommets insondables/extraordinaires de crescendos épiques tandis que la nouvelle section rythmique maintient de terrassant rythmes répétitifs martelant nos cerveaux  oreilles et corps d’à-coups/head-banging irrésistiblement contagieux  voire de beats…. disco_OH_YEAH !<p>Assister à un concert (souvent fleuve) d’Acid Mothers Temple est une fabuleuse expérience cathartique  un trip électrique/bain sonore sans équivalent et inégalé. <br> On le répète  le plus grand groupe du genre de l’univers. Unique  puissant  élevant  en crescendo constant & au volume sonore fracassant  prenant une ampleur magistralement cosmique en live. Le tout enrubanné par nos passeurs de disques du soir Monsieur Alex Burkli + DJ MOTORINO.<br> Hallelujah & Totalement Immanquable !!!<p>Plus d’infos :<br><a href="http://acidmothers.com/" rel="nofollow">http://acidmothers.com/</a><br><a href="http://acidmothers.com/acid-mothers-temple-the-melting-paraiso-u-f-o-european-tour-2017.html" rel="nofollow">http://acidmothers.com/acid-mothers-temple-the-melting-paraiso-u-f-o-european-tour-2017.html</a></p></p></p></p></p></p></p>,named place,alternative cave12org music rock,46.2,6.16667
E0-001-105999902-9,sonja moonear,music,Concerts &amp; Tour Dates,SONJA MOONEAR,Gregory92ede,None,None,None,named place,electronic geneve gigatoolscom music perlon ricardovillalobos ruta5 solidam sonjamoonear,46.2,6.16667
E0-001-106419565-4,SHIT & SHINE + PASSEURS DE DISQUES,music,Concerts &amp; Tour Dates,Shit And Shine,jamie_atp,None,None, <p> MERCREDI 11 OCTOBRE – 21h00 (concert 21h30 !)<p>- TOTAL HEADFUCKERS TWISTED DANCE-MUSIC/DISCO MUTATIONS/CORRUPTIONS & MORE_THROWN_AT_THE_WALL HEAVY_CRAZY DUO + TOTAL FUCKED_UP DJ’S_YEAH ! -<p><strong>SHIT & SHINE</strong> (UK)<br> Craig Clouse : sampler  synthétiseur  percussion électronique  drum machine  dispositif noise<br> Goerge Mayo : caisse-claire  grosse-caisse électronique  charleston<br> + <br><strong>PASSEURS DE DISQUE</strong> :<br> Office De Pute : fucked_up set spécialement pensé pour l’occasion<br><p>Projet à l’ascension fulgurante  SHIT & SHINE s’affirme comme l’un des meilleurs & totaux exploseurs de cerveaux de ces dernières années. Avec des albums hautement acclamés sur des labels-phares de l’underground aventureux international tels Edtiions Mego  Diagonal  Riot Season  etc…  SHIT & SHINE mélange une forme unique de percussion/batterie multi-tentaculaire avec de l’hystérie électronique en passant par une dance-music lysergique totalement détruite/saccagée. SHIT & SHINE est la quintessence même de la subversion au second degré  avec un pied dans une multitude de genres musicaux revisités/explosés  cheminant sauvagement le long d’un fantastique sentier tordu & sinueux à souhait.<p>Né au sein de la scène noise-rock londonienne  SHIT & SHINE sont considérés  à juste titre  comme l’un des tournants les plus inspirant (et irrévérencieux)  de ce début de siècle. Basses étourdissantes  joyeuses & enivrantes  lourds changements/mutations de diverses formes de dance-music  claquant & télescopant différents embranchements disco  balançant des nuages de dissonances exquises  mutilant/massacrant les modulations  bouillant les beats et tordant/torsionnant les ajustements/arrangements…<p>Bref  un duo fou-furieux  notamment en live  balançant absolument tout contre les murs  nous y compris_yes !<p>Dans le genre dérangé-habité et totalement/jouissivement fucked-up-dance-music  recommandé  qui plus est enrubanné par évidemment la paire de passeurs de disques la plus fucked-upé de la région  les génialement explosés Office de Pute_yeah/yeah/yeah !<p>Plus d’infos :<br><a href="http://julietippex.com/roster/shit-and-shine/" rel="nofollow">http://julietippex.com/roster/shit-and-shine/</a><br><a href="https://shitandshine.bandcamp.com/" rel="nofollow">https://shitandshine.bandcamp.com/</a><br><a href="https://shit-and-shine.bandcamp.com/album/total-shit-diag035" rel="nofollow">https://shit-and-shine.bandcamp.com/album/total-shit-diag035</a></p></p></p></p></p></p></p></p>,named place,cave12org music rock,46.2,6.16667
E0-001-106419555-7,JARBOE & FATHER MURPHY + PASSEUSE DE DISQUES,music,Concerts &amp; Tour Dates,Jarboe,chess_burke,None,None, <p>MARDI 17 OCTOBRE – 21h00 (concertn21h30)<p>- AMERICAN WOMAN HIGH_LEGEND/ICON FIGURE MEETS THE ITALIAN_OCCULT_PSYCHEDLIA HAUNTING RITUAL/CULT HEROES_YEAH ! -<p><strong>JARBOE & FATHER MURPHY</strong> (USA/Italie)<br> Jarboe (USA) : voix<br> Chiara Lee (Italie) : voix  claviers  percussions<br> Rev. Freddie (Italie) : voix  guitare<br> + <br><strong>PASSEUSE DE DISQUES</strong> :<br> NuRe OnnA : set spécialement pensé pour l’occasion<br><p>Ouch & fascinante rencontre entre une icône féminine légendaire de l’underground  U.S.. Madame JARBOE en personne (oui  oui  celle des Swans et ayant collaboré des entités fortes telles Blixa Bargeld  J.G. Thirlwell  Merzbow  PanSonic  Neurosis  etc  etc…) et le duo le plus occulto_freak_obscur de l’underground italien actuel  les magnétiquement envoûtant FATHER MURPHY. Une collaboration documentée sur un vinyle sortant en Septembre sur le label Consouling Sound et mêlant les ensorcelants rituels & sonorités shamaniques de FATHER MURPHY avec la voix hantée & hantante unique de JARBOE au sein d’un répertoire constitué de compositions des deux entités.<p>Expérimentations audacieuses  diversités mélodiques et expressives  chants hypnotiques  drones inquiétants  rythmes décharnés  explorations de diverses reconstructions/réinventions identitaires et des structures élémentaires de la personnalité  le tout exposé en une spirale descendant au fond de l’abîme et une fois arrivé tout au fond  creusant encore plus bas/profondément.<p>Une présence/force en live intense  quelque part entre un rite étrange non-répertorié  un culte furieusement obscur et une sorte de gospel-blues diabolique avec donc l’une des femmes les plus remarquables de la scène musicale aventureuse de ces dernières années  sorcière stridente se baladant entre gémissements et hurlements avec une facilité/aise sur_habitée et terrassante/écrasante le tout enveloppé des prenantes atmosphères funéraires de Father Murpy  figures de proue de l’Italian Occult Psychedelia.<p>Hautement recommandé  qui plus est enrubanné par les sonorités de notre passeuse de disques du soir  la parfaite_idéale NuRe OnnA_yes !<p>Plus d’infos :<br><a href="https://www.thelivingjarboe.com/" rel="nofollow">https://www.thelivingjarboe.com/</a><br><a href="http://fathermurphy.org/" rel="nofollow">http://fathermurphy.org/</a></p></p></p></p></p></p></p></p>,named place,cave12org music rock,46.2,6.16667
E0-001-104122539-0,Angus & Julia Stone,music,Concerts &amp; Tour Dates,Angus and Julia Stone,bobfather,Route des Batailleux 3 Gd-Saconnex,None,None,address,concerts folk music tickets viagogocom,46.2337626,6.112297
E0-001-108028127-0,Switchfoot,music,Concerts &amp; Tour Dates,Switchfoot,betsaida_vite,Route des Batailleux 3 Gd-Saconnex,None,None,address,alternative amphitheater band chautauqua christianrock concert music religious rock switchfoot tickets viagogocom,46.2337626,6.112297
E0-001-107267537-7,CINDYTALK & MASSIMO PUPILLO DUO,music,Concerts &amp; Tour Dates,Cindytalk,Caj,None,None, <p>DIMANCHE 05 NOVEMBRE – 21h00 (concert 21h30 !)<p>- OVER THE TOP/STRIKING BEAUTY ROARING/HISSING ORCHESTRAL BASS & MAGNIFICENT CULT SUPER_HAUNTING VOICE DUO_OH/WOUAHOUH !!! -<p><strong>CINDYTALK & MASSIMO PUPILLO DUO</strong> (Écosse/Italie)<br> “BECOMING///ANIMAL”<br> Cindytalk/Gordon Sharp (Écosse) : voix  electronics<br> Massimo Pupillo (Italie) : basse électrique<br><p>BECOMING///ANIMAL est la fantastique collaboration entre le phénoménal bassiste du trio italien ZU  MASSIMO PUPILLO et l’extraordinaire voix & univers de l’écossais transgenre Gordon Sharp  mieux connu sous le nom de CINDYTALK. Un album tout simplement superbe  « A Distant Hand Left » sortant sur le label Trost Records  royalement émouvant  générant l’impression d’un orchestre filtré rugissant et sifflant  ne faisant plus qu’un avec la voix magnifiquement ensorcelante de CYNDYTALK. D’une IMMENSE beauté frissonnante  à la présence incroyablement habitée nous touchant directement l’âme et génialement étrange/inquiétante par moment.<p>Fabuleux & magistral  somptueux  merveilleusement troublant et EXTRÊMEMENT recommandé. Juste parfaitissime pour ce premier dimanche de Novembre.<p>Gordon Sharp/CINDYTALK est l’une des figures les plus séminales et emblématiques de l’underground musical anglais de ces 40 dernières années (!). Ayant sorti son premier album en 1979 (« In Colour » avec le groupe The Freeze)  il est tout de suite remarqué par John Peel qui l’invite à participer à plusieurs de ces fameuses John Peel Sessions. Il a depuis joué tout autour du monde et a sorti des albums solos récents sur des labels tels l’incontournable Editions Mego encensés par les critiques spécialisés.<br> Chanteur et compositeur expérimental  il est l’une des voix les plus reconnaissables de sa génération ayant été le chanteur de This Mortal Coil et participé à plusieurs sessions/concerts avec les Cocteau Twins avant de définitivement entamer une formidable carrière solo hors des sentiers battus.<p>Un immense personnage et une joie non dissimulée de pouvoir le recevoir ici  oh yeah !<p>MASSIMO PUPILLO est un musicien  compositeur et improvisateur originaire de Rome  Italie. Il entame le trio italien culte ZU en 1997 avec lequel il enregistre pas moins de 15 albums sur des labels tels Ipecac Recordings (label de Mike Patton avec lequel il a d’ailleurs souvent joué)  House Of Mythology  Atavistic  etc  etc  etc…<br> Il apparaît sur plus d’une cinquantaine albums au sein de divers contextes/collaborations et a joué plus de 2’000 concerts tout autour du globe dans des situations totalement diverses s’étendant du rock au jazz en passant par la musique contemporaine  etc…<br> Figure & bassiste-clé phénoménal (voire bestial) de la scène aventureuse internationale il a collaboré et joué avec tout ce que cette scène-là compte de meilleur : Mike Patton  The Melvins  David Tibet  Dalek  Peter Brotzmann  Ken Vandermark  Mats Gustafsson  Damo Suzuki  Oren Ambarchi  ThighPaulSandra de Coil  FM Einheit  Stefano Pilia  Andrea Belfi  etc  etc  etc…<p>Tout simplement l’un des bassistes les plus novateurs  puissants  en verve  originaux et incontournables de ces 20 dernières années.<p>Plus d’infos :<br><a href="https://trostrecords.bandcamp.com/album/a-distant-hand-lifted" rel="nofollow">https://trostrecords.bandcamp.com/album/a-distant-hand-lifted</a><br><a href="http://www.cindytalk.com/" rel="nofollow">http://www.cindytalk.com/</a><br><a href="http://m.zuism.net/" rel="nofollow">http://m.zuism.net/</a></p></p></p></p></p></p></p></p></p></p>,named place,alternative cave12org music,46.2,6.16667
E0-001-097564870-3,IAM,music,Concerts &amp; Tour Dates,IAM,evdb,Route des Batailleux 3 Gd-Saconnex,None,None,address,music tickets viagogocom,46.2337626,6.112297
E0-001-100244896-5,Nick Cave & The Bad Seeds,music,Concerts &amp; Tour Dates,Nick Cave and The Bad Seeds,jfisher,Route des Batailleux 3 Gd-Saconnex,None,None,address,alternative indie music nickcave pop punk religious_devotional rock tickets viagogocom,46.2337626,6.112297
E0-001-108412766-0,Gary Beck,music,Concerts &amp; Tour Dates,Gary Beck,evdb,None,None,None,named place,alternative dance gigatoolscom music,46.2,6.16667
E0-001-100386103-9,James Newton Howard,music,Concerts &amp; Tour Dates,James Newton Howard,evdb,Route des Batailleux 3 Gd-Saconnex,None,None,address,composer filmmusic jazz music pop tickets viagogocom,46.2337626,6.112297
E0-001-101203170-0,Priscilla Queen Of The Desert,performing_arts,Performing Arts,Priscilla Queen of the Desert,court929,Route des Batailleux 3 Gd-Saconnex,None,None,address,broadway musical performing_arts performing_arts_shows priscilla_queen_of_the_desert tickets viagogocom,46.2337626,6.112297
E0-001-106116075-4,Oscar Mulero,music,Concerts &amp; Tour Dates,Oscar Mulero,darin1,None,None,None,named place,dance family gigatoolscom music noautotag,46.2,6.16667
E0-001-107963792-3,Animal Trainer,music,Concerts &amp; Tour Dates,ANIMAL TRAINER,evdb,None,None,None,named place,dance gigatoolscom latin metal music,46.2,6.16667
E0-001-110142917-3,sonja moonear - le cabaret fantastique vol I,music,Concerts &amp; Tour Dates,SONJA MOONEAR,Gregory92ede,None,None,None,named place,electronic geneve gigatoolscom music perlon ricardovillalobos ruta5 solidam sonjamoonear,46.2,6.16667
E0-001-101123691-9,Disney On Ice,family_fun_kids,Kids &amp; Family,Disney on Ice,karina25,Route des Batailleux 3 Gd-Saconnex,None,None,address,family noautotag performing_arts performing_arts_shows tickets viagogocom,46.2337626,6.112297
E0-001-101123692-8,Disney On Ice,family_fun_kids,Kids &amp; Family,Disney on Ice,karina25,Route des Batailleux 3 Gd-Saconnex,None,None,address,family noautotag performing_arts performing_arts_shows tickets viagogocom,46.2337626,6.112297
E0-001-101123698-2,Disney On Ice,family_fun_kids,Kids &amp; Family,Disney on Ice,karina25,Route des Batailleux 3 Gd-Saconnex,None,None,address,family noautotag performing_arts performing_arts_shows tickets viagogocom,46.2337626,6.112297
E0-001-109955668-0,Bob Malone,music,Concerts &amp; Tour Dates,Bob Malone,meloontunes,6 Rue de la Servette,None,None,address,blues concerts music reverbnationcom vocal,46.209649,6.1390666
E0-001-109451729-7,Speedy J - Speedy J,music,Concerts &amp; Tour Dates,Speedy J,evdb,None,None,None,named place,electronic gigatoolscom music rock,46.2,6.16667
E0-001-107166436-5,Orelsan,music,Concerts &amp; Tour Dates,OrelSan,evdb,Route des Batailleux 3 Gd-Saconnex,0.00,None,address,music rap_hiphop ticketbiscom tickets viagogocom,46.2337626,6.112297
E0-001-109245093-4,Peppa Pig,performing_arts,Performing Arts,Peppa Pig,sara_sd,19 Quai du Mont-Blanc,None,None,address,performing_arts performing_arts_shows tickets viagogocom,46.2103015,6.1506281
E0-001-110362604-4,FRED FRITH + ZS,music,Concerts &amp; Tour Dates,ZS,evdb,None,None, <p>MERCREDI 14 FEVRIER - 21h00 (concerts 21h30 !)<p>- ABSOLUT LEGEND & PRIMORDIAL UK GENIUS EXPLORATORY GUITAR TOTAL MASTER + SEMINAL « NEW GENERATION » NEW_YORK AVANT_GARDE HIGH TELEPATHIC SOUNDS EXPLORATORY 4TET -<p><strong>FRED FRITH</strong> (UK)<br> Guitare électrique<br> +<br><strong>ZS</strong> (USA)<br> Sam Hillmer : saxophone<br> Patrick Higgins : guitare électrique<br> Greg Fox : batterie<br> Michael Beharie : electronics<p>En collaboration avec le Festival ANTIGEL (<a href="https://www.antigel.ch/fr/" rel="nofollow">https://www.antigel.ch/fr/</a>)<br><p>Ouch & Attention !<p>Fantastique/incroyable & phénoménale venue ici de l’un des inputs les plus premiers/primordiaux qui soit de la cave12  Monsieur Fred Frith  guitariste génie/génial de liberté absolue et à l’inventivité exemplaire. C’est après avoir visionné l’incontournable et ô combien nécessaire & magnifique film documentaire de Nicolas Humbert et Werner Penzel sur le personnage  « Step Across The Border »   qppart en 1990 que la Cave 12 EST devenue la cave12  s’ouvrant à un horizon musical infini et inouï  expérimental et ludique  genre… mais on a le droit de faire ça ? Un film monumental et hautement emblématique qui reste à jamais gravé dans l’ADN de la cave12  pour un résultat  ouch  superbement musical et suivant un Fred Frith globe-trotter se déplaçant dans tous les coins du monde pour jouer avec un pan hallucinant du who is who de la scène expérimentale de l’époque (de John Zorn à Tom Cora en passant par Iva Bittova  Haco  Arto Lindsay  etc…)… S’en suivit un concert solo mythique dans l’antre même de la Cave 12 à Rhino durant les années 90 pendant le fameux Festival Solo… Et  osons le dire  sans ce film et Fred Frith  il n’y aurait peut-être jamais eu de cave12 telle qu’elle est encore aujourd’hui… C’est donc avec une iiiiiiimmense émotion et un honneur absolu que nous recevons ce soir  plus de 25 ans après  celui que l’on est réellement en droit d’appeler une légende vivante  ceci avec la complicité essentielle du Festival Antigel  un grand merci à eux !<p>Fred Frith  donc  et son univers savoureusement bousculé  génie d’une musique expérimentale-ôde suprême à la liberté  virtuose guitaristique absolument magnétique ! Depuis plus de quatre décennies  il trace un sillon singulier entre improvisation baladeuse  rock aventureux et musique contemporaine tentaculaire. Maître de la guitare  il a toujours voulu lui offrir une existence propre. La laisser respirer  hurler au gré de l’inspiration. Comme un matériau avec lequel on exprime ce qui ne se dit pas. Solitaire  le musicien anglais ne s’est pas empêché d’être le copain de route de tout ce qui touche de près ou de loin à l’exploration musicale  de Robert Wyatt à Brian Eno  en passant par John Zorn  Tom Cora  Bill Laswell  etc  etc… Tour à tour bruitiste et/ou onirique  mais toujours d’une profondeur formidablement organique  la musique de ce haut personnage est un appel à la réalité par le rêve. Ou l’inverse.<p>Incontournable et a_b_s_o_l_u_m_e_n_t nécessaire !!!<p>Et  partageant/complétant parfaitement l’affiche  l’un des groupes aventureux/expérimental new-yorkais les plus en verve du moment  comme pour continuer l’Histoire  l’excellent 4tet ZS  portés aux nues par les presses spécialisées du monde entier pour leur approche improvisée-contrôlée de très haut acabit  faisant parfaitement coïncider abstraction sonore et exécution mathématique  tout en rendant les instrumentaux entrelacés aussi lumineux qu’accessible. Une sorte d’alchimie lunaire et concrète  au jeu superbement télépathique et là aussi  profondément organique  ayant sortit une pléthore d’excellents album (dont le dernier en date « Xe » sur le label Northern Spy) avec des musiciens hors-pair (dont le fabuleux Greg Fox à la batterie  membre de Guardian Alien ou Liturgy entres autres) et qui n’est pas sans nous rappeler quelques plages enregistrées de  par exemple  un certain… Fred Frith. Ce n’est du coup pas un hasard si ZS concocte actuellement un nouvel enregistrement (et tournée à venir) avec un autre monstre historique guitaristique de la scène expérimentale internationale  Arto Lindsay  qui bien sûr à joué un nombre incalculable de fois avec Monsieur Fred Frith.<p>Bref  tout se recoupe  tout se regroupe  tout s’étale merveilleusement dans le temps  ZS étant unanimement considéré à juste titre comme l’un des plus frais et excitant représentant d’une certaine scène musicale avant-gardiste new-yorkaise actuelle.<p>Dans le genre  grande & excellente soirée d’exploration musicale en perspective ici  totalement inscrite dans l’Histoire & YES !  tout continue encore et encore et encore !!!<p>Ordre de passage des concerts non-défini & on se pointe  à l’heure !<p>Plus d’infos : <br> FRED FRITH : <br><a href="http://www.fredfrith.com/" rel="nofollow">http://www.fredfrith.com/</a><br> ZS :<br><a href="http://www.zzzsss.com/ZS.htm" rel="nofollow">http://www.zzzsss.com/ZS.htm</a><br> Festival ANTIGEL : <br><a href="https://www.antigel.ch/fr/programme/musique/fred-frith-zs/" rel="nofollow">https://www.antigel.ch/fr/programme/musique/fred-frith-zs/</a><br><a href="https://www.antigel.ch/fr/" rel="nofollow">https://www.antigel.ch/fr/</a></p></p></p></p></p></p></p></p></p></p></p></p></p>,named place,alternative cave12org music rock,46.2,6.16667
E0-001-103472374-2,Soy Luna Geneva,performing_arts,Performing Arts,Soy Luna,sara_sd,Route des Batailleux 3 Gd-Saconnex,126.57,Soy Luna is a new show that every kid wants to see. Don´t miss Soy Luna at Arena Geneva and enjoy unforgettable moment together with your children. Buy the tickets for Soy Luna Geneva at StubHub.,address,and films music performing_arts performing_arts_shows television theatre ticketbiscom tickets viagogocom,46.2337626,6.112297
E0-001-104123401-5,Roch Voisine,music,Concerts &amp; Tour Dates,Roch Voisine,evdb,19 Quai du Mont-Blanc,None,None,address,folk music pop tickets viagogocom,46.2103015,6.1506281
E0-001-110362606-2,KEDA,music,Concerts &amp; Tour Dates,KEDA,Keda_gce,None,None, <p>DIMANCHE 25 FEVRIER - 21h00 (concert 21h30 !)<p>- ENCHANTING & WARM IMAGINARY FOKLORE_EAR_TRAVEL DUO WITH SUPER RARE SOUTH COREAN GÔMUNGO/TRADITIONAL INSTRUMENT VIRTUOSE PLAYER vs SUBTLE ENCOMPASSING ELECTRONICS -<p><strong>KEDA</strong> (France/Corée du Sud)<br> Mathias Delplanque (France) : electronics<br> E’Joung Ju (Corée du Sud) : gômungo (instrument traditionnel coréen à 6 cordes)<br><p>Excellent duo à la résonance sonore profonde et captivante  KEDA est la rencontre étonnante entre l’électroncien français Mathias Delplanque et une sur_virtuose du gômungo (un instrument traditionnel coréen à 6 cordes et rarissime dans un tel contexte exploratoire)  la coréenne du sud  E’Jouing Ju. Entamée en 2010  la collaboration entre les deux musiciens confronte les sonorités majestueusement ancestrales du gômoungo à des textures  des rythmes et des traitements électroniques. Par delà la rencontre de deux pratiques instrumentales séparées par des siècles d¹histoire  le duo réussit haut la main à générer un univers musical fortement original  allant puiser du côté du blues  des musiques africaines ou jamaïcaines  de l¹ambient  du bruitisme  de la musique concrète/électroacoustique  etc  etc  etc…<p>Formidablement envoûtante  hypnotique  chaleureuse  voyageuse et tour à tour dansante ou méditative  leur musique tisse un fascinant folklore imaginaire  merveilleusement apatride  hybride et aventureux. Auteur d’un très beau disque-témoin encensé par les critiques spécialisés (« Hwal » sur le label belge Parenthèses)  KEDA emporte l’auditeur au sein de sonorités ancestralo-futuristes-spatiales  mous invitant irrésistiblement à la dérive auditive et dépaysante par moments.<p>Parfaitement idéal pour un calme/posé dernier dimanche soir de Février et une virtuose d’un instrument rarissime en jeu/scène ce soir.<p>Plus d’infos : <br> KEDA : <br><a href="https://mathiasdelplanque.bandcamp.com/album/hwal" rel="nofollow">https://mathiasdelplanque.bandcamp.com/album/hwal</a></p></p></p></p></p></p></p>,named place,cave12org music,46.2,6.16667
E0-001-112153049-5,Kodo,music,Concerts &amp; Tour Dates,Kodo,chuck,19 Quai du Mont-Blanc,None,None,Concert Hall,concert music rap_hiphop ticketnetworkcom tickets world,46.2,6.16667
E0-001-101920948-9,Kodo,music,Concerts &amp; Tour Dates,Kodo,chuck,19 Quai du Mont-Blanc,None,None,address,concert music rap_hiphop tickets viagogocom world,46.2103015,6.1506281
E0-001-106174163-8,Toto,music,Concerts &amp; Tour Dates,Toto,dvhnvr4040,Route des Batailleux 3 Gd-Saconnex,0.00,None,address,business music pop rock ticketbiscom ticketnetworkcom tickets viagogocom,46.2337626,6.112297
E0-001-108815120-3,Mariza,music,Concerts &amp; Tour Dates,Mariza,ben88,19 Quai du Mont-Blanc,None,None,address,fado latin music pop tickets viagogocom,46.2103015,6.1506281
E0-001-101728840-0,Marcus Miller,music,Concerts &amp; Tour Dates,Marcus Miller,bibig007,19 Quai du Mont-Blanc,None,None,address,bass marcus miller music pop randb tickets viagogocom,46.2103015,6.1506281
E0-001-109421259-6,Arena de Genève,music,Concerts &amp; Tour Dates,Julien Clerc,evdb,Route des Batailleux 3 Gd-Saconnex,None,None,address,music pop ticketbiscom tickets viagogocom,46.2337626,6.112297
E0-001-103906519-3,Calogero,music,Concerts &amp; Tour Dates,Calogero,demongurl,Route des Batailleux 3 Gd-Saconnex,None,None,address,music pop rock ticketbiscom ticketnetworkcom tickets viagogocom,46.2337626,6.112297
E0-001-100763693-6,Shaka Ponk,music,Concerts &amp; Tour Dates,SHAKA PONK,evdb,Route des Batailleux 3 Gd-Saconnex,None,None,address,alternative electronic music rock tickets viagogocom,46.2337626,6.112297
E0-001-112332261-4,REBECCA LANE  CLARA DE ASIS  GOLEM MÉCANIQUE  MIKE MAJKOWSKI & STEPHANE GARIN PLAYS DIATRIBES,music,Concerts &amp; Tour Dates,Mike Majkowski,joannek,None,None,None,named place,cave12org music rap_hiphop,46.2,6.16667
E0-001-104131179-4,Indochine,music,Concerts &amp; Tour Dates,Indochine,BillyChic,Route des Batailleux 3 Gd-Saconnex,None,None,address,music pop rock ticketbiscom tickets viagogocom,46.2337626,6.112297
E0-001-110705296-4,Bigflo & Oli Geneva,music,Concerts &amp; Tour Dates,BigFlo et Oli,evdb,Route des Batailleux 3 Gd-Saconnex,178.70,There are only few things in this world that can get us here at StubHub really excited! Needless to say  Bigflo Et Oli is one such thing and needs no excuse! That’s why we at StubHub are even more excited to now sell Bigflo Et Oli tickets! Yes making an appearance at the coveted Arena Geneva  Bigflo Et Oli is certain to be one of the most exciting things you’ll witness this year! So stop your dilly dallying and buy your Bigflo & Oli Geneva tickets now!,address,music rap_hiphop ticketbiscom tickets,46.2337626,6.112297
E0-001-109416065-5,Arena de Genève,music,Concerts &amp; Tour Dates,Louane,sara_sd,Route des Batailleux 3 Gd-Saconnex,None,None,address,music pop ticketbiscom tickets viagogocom,46.2337626,6.112297
E0-001-111920856-6,sonja moonear,music,Concerts &amp; Tour Dates,SONJA MOONEAR,Gregory92ede,None,None,None,named place,electronic geneve gigatoolscom music perlon ricardovillalobos ruta5 solidam sonjamoonear,46.2,6.16667
E0-001-113592954-4,JOHN WIESE + PERLONEX + PASSEURS DE DISQUES,music,Concerts &amp; Tour Dates,John Wiese,ERMP,None,None,None,named place,alternative cave12org music,46.2,6.16667
